D28A_L_1977_to_present,sampledate,stationcode,lab_sample_number,grab,organismcode,phylum,class,order,family,genus,species,count
damage,date,plot,treatment,species,individual,damage_percent
Data_20Centre_data_20submission_20template_April_2009,recorder_,taxon_name_,grid_reference__6_figure_where_possible__,date_,location_,determiner_,date_of_determination,county,abundance,habitat__fossitt_where_possible_,comment
data_group9,farm,sample_no_,suspect_organism,organism_code,data,result,data,result
data_lytic,id,plate,treatment,replicate,sex,number,rep_1,rep_2,lytic,wgt
Data,type,name,description,category,keywords,comments,relevance,access_t
Dataset_info,dataset,doi,sex,genus,species,taxon,trait,trait_type,n,sires,mean_dams_per_sire,binary_measure_of_fitness
datasheet,date,scientific_name,common_name,rep_name___affiliation,state,county,latitude,longitude,infested_area,gross_area,canopy_closure,habitat,abundance,ownership,loc_descrip_comments,voucher_spec_,herbarium,image_1,image_2,image_3,image_4,image_5
DataSubmittalPlants,_,family,genus,species,common_name,author,abundance,abundance_units,latitude,longitude,comments_
Data_Catalog,type,domain,name,popularity,description,rating,category,keywords,comments,relevance,access_this_week,access_this_month,access_this_year,uid,table_id,external_id,columns,identifier,custom_metadata,soql,key_identifier,state,owner,permissions
Data_S2_dataset_locations_lumped,number,group,order,family,genusa,speciesa,genusb,speciesb,wina,winb,sumwin,binomtest,propwon,interactiondatareference,massa,massb,largerdom,diffmass,massreference
data_scramble_filled_csv,sessionid,discipline,ease,regret,support,time,timesecondevaluation,treatmenteval,ease,regret,support,time,timefirstevaluation,treatmenteval,datafiletitle,timecreate,treatment,trial,whento,withwho,academic,awareness,frequency,honest,howmany,materialstype,timeawarenessevaluation,tongue,trust,updating,ways,whenbest,yearborn,datafiletitle,timecreate,treatment,trial,whento,withwho,manhours
deepseadiversitydata,species,abundance,relative_abundance__pi_,ln_pi_,pi_ln_pi_
Def_scientificnames,tribe,meaning,genus,species,meaning_of_genus_name,meaning_of_species_name,interpretation
Dibble_Rudolf_2015_OIK_02373_R1,days,check,block,tank,adult,juvenile,male,total,infected,density,total_container,treatment,simocephalus,early_arriver,late_arriver,parasites,proportion_adult,proportion_infected,proportion_simocephalus,int_total,int_simo,int_infected,int_prop_simo,int_prop_inf,simo_est,inf_est,tank_in_block
DN_2013_179,egadseq,sampleid,sampledate,samplemedium,samplemethod,replicates,sampledby,test,parametercategory,parameter,value,units,justification
DRBC_EPA_20MAIA_201998,sample_id,station_id,waterbody,location,latitude,longitude,date_sampled,species,portion_analyzed,no_of_individuals_in_sample,mean_length__1___cm_,minimum_length__cm_,maximum_length__cm_,mean_weight__gm_,minimum_weight__gm_,maximum_weight__gm_
DRC_Burundi_Rwanda_region,gwno,event_id,event_date,time_precision,event_type,actor1,ally_actor1,actor2,ally_actor_2,country,region,location,latitude,longitude,geo_precision,source,notes
dredge_20species_20list,kingdom,group,group,p_present,__individuals,chordates
DRIADEapp_profile,y,y__use_itis_ubio_name_server,darwin_core__species,species__or_scientific_name,the_specific_epithet_of_the_scientific_name_applied_to_the_organism_,the_specific_epithet_of_the_scientific_name_applied_to_the_organism_,o,cv__which_ones_to_choose_from__,r,sa,will_be_expanded_upon_in_level_2
droneusedatabase04212015,date_begun,date_ended,operating_entity,country_name,location_descriptive,latitude,longitude,regulatory_compliance,drone_type,drone_model_name,drone_manufacturer,cost_range,over_under_10k,camera_equipment,mission_tag1,mission_tag2,mission_tag3,mission_tag4,mission_description,reference_url1
ds349_appendix11b,commonname,initialresultmehgngg,replicatemehgngg,replicatemehgngg,replicatemehgngg,replicatemehgngg,replicatemehgngg,xngg,sdngg,rsdpct
Ducklington_Village_Pond_Appendix_October_2009,common_name,scientific_name,locality_site_name,sub_site,grid_ref,day,month,year,recorder,determiner,abundance,lifestage,notes,source,parish,county,vc,10km_square,habitat,source_of_record,year
Dung_beetle_experiment,block,cage,place,species,time,day,beetle,mashed,treatment,termites,w_weight_t0,d_weight_t0,c_t0,n_t0,p_t0,c_total_t0_g,n_total_t0_mg,p_total_t0_mg,d_weight_tx,c_tx,n_tx,p_tx,c_total_tx_g,n_total_tx_mg,p_total_tx_mg,w_loss,total_c_loss,total_n_loss,total_p_loss,rel_w_loss,rel_c_loss,rel_n_loss,rel_p_loss,crelease,nrelease,prelease
Dung_decomposition_exp,bag,species,time,days,location,mesh_size,w_weight,d_weight_mean,c_t0,n_t0,p_t0,c_total_t0,n_total_t0,p_total_t0,d_weight_tx,c_tx,n_tx,p_tx,c_total_tx,n_total_tx,p_total_tx,termites,dungbeetles,soil_fauna,w_loss_mean,c_loss,n_loss,p_loss,total_c_loss,total_n_loss,total_p_loss,rel_w_loss,rel_c_loss,rel_n_loss,rel_p_loss,cn_loss,cp_loss,np_loss,crelease,nrelease,prelease
Dung_deposition_per_guild,site,area,trees,tree_density,species,guild,biomass__g_dungplot_,dungplot_size__m2_,biomass__kg_ha_,days,biomass_input__kg_ha_year_,n_dry,n_wet,n_input__kg_ha_year_,p_dry,p_wet,p_input__kg_ha_year_
Dung_deposition,site,species,__events,__pellets,biomass__g_,biomass_event__g_,biomass_pellet__g_,location,decomposition__1_3_,time,date
Dung_nutrient_overview,species,feeding,digestion,guild,c__mg_g_,n__mg_g_,p__mg_g_,c_n,c_p,n_p,date,data,location,period
dwbfpricesusawin29092015,eventid,menuhint,eventname,eventdt,selectionid,selectionname,winlose,bsp,ppwap,morningwap,ppmax,ppmin,ipmax,ipmin,morningtradedvol,pptradedvol,iptradedvol
dwspread,type,modified,language,license,rightsholder,accessrights,bibliographiccitation,references,institutionid,collectionid,datasetid,institutioncode,collectioncode,datasetname,ownerinstitutioncode,basisofrecord,informationwithheld,datageneralizations,dynamicproperties,occurrenceid,catalognumber,recordnumber,recordedby,individualcount,organismquantity,organismquantitytype,sex,lifestage,reproductivecondition,behavior,establishmentmeans,occurrencestatus,preparations,disposition,associatedmedia,associatedreferences,associatedsequences,associatedtaxa,othercatalognumbers,occurrenceremarks,organismid,organismname,organismscope,associatedoccurrences,associatedorganisms,previousidentifications,organismremarks,materialsampleid,eventid,parenteventid,fieldnumber,eventdate,eventtime,startdayofyear,enddayofyear,year,month,day,verbatimeventdate,habitat,samplingprotocol,samplingeffort,samplesizevalue,samplesizeunit,fieldnotes,eventremarks,locationid,highergeographyid,highergeography,continent,waterbody,islandgroup,island,country,countrycode,stateprovince,county,municipality,locality,verbatimlocality,minimumelevationinmeters,maximumelevationinmeters,verbatimelevation,minimumdepthinmeters,maximumdepthinmeters,verbatimdepth,minimumdistanceabovesurfaceinmeters,maximumdistanceabovesurfaceinmeters,locationaccordingto,locationremarks,decimallatitude,decimallongitude,geodeticdatum,coordinateuncertaintyinmeters,coordinateprecision,pointradiusspatialfit,verbatimcoordinates,verbatimlatitude,verbatimlongitude,verbatimcoordinatesystem,verbatimsrs,footprintwkt,footprintsrs,footprintspatialfit,georeferencedby,georeferenceddate,georeferenceprotocol,georeferencesources,georeferenceverificationstatus,georeferenceremarks,geologicalcontextid,earliesteonorlowesteonothem,latesteonorhighesteonothem,earliesteraorlowesterathem,latesteraorhighesterathem,earliestperiodorlowestsystem,latestperiodorhighestsystem,earliestepochorlowestseries,latestepochorhighestseries,earliestageorloweststage,latestageorhigheststage,lowestbiostratigraphiczone,highestbiostratigraphiczone,lithostratigraphicterms,group,formation,member,bed,identificationid,identificationqualifier,typestatus,identifiedby,dateidentified,identificationreferences,identificationverificationstatus,identificationremarks,taxonid,scientificnameid,acceptednameusageid,parentnameusageid,originalnameusageid,nameaccordingtoid,namepublishedinid,taxonconceptid,scientificname,acceptednameusage,parentnameusage,originalnameusage,nameaccordingto,namepublishedin,namepublishedinyear,higherclassification,kingdom,phylum,class,order,family,genus,subgenus,specificepithet,infraspecificepithet,taxonrank,verbatimtaxonrank,scientificnameauthorship,vernacularname,nomenclaturalcode,taxonomicstatus,nomenclaturalstatus,taxonremarks
E5,phylum,class,order,family,subfamily,genus,taxon_identification,life_stage
E6335_Supporting_information,sister_lineages,gene,locus_length__bp_,individuals,uncorrected_genetic_distance____,sequence_model,mean_diversification_time,elevation,backcross,taxonomic_split,origin,strata,habitat,order,family,authors
East_Texas_Monocots_Ferns_Gymnosperms,family,genus,species,var__or_subsp_,native_or_intro
EBG_Recording_Sheet_2016,taxon,site,gridref,vc,recorder,determiner,date,quantity,method,sex,stage,status,comment,reference,taxon,vc,sex,status,method,stage
ecdi_current,instcode,accenumb,collnumb,genus,species,subtaxa,accname,origcty,collsite,latitude,longitude,elevation,colldate,sampstat,collsrc,donorcode,donornumb,othernumb,remarks,roottype,eucollinst,duplsite
ECE3_5_4795_s009,tissue,comparison,direction,gobpid,pvalue,oddsratio,expcount,count,size,term
Ech_Guide_to_Co_Fl_Sp__1_,family,genus,species,common_name,remnants,native_non_native,notes,_picture__,inflorescence_count_for_fnc
Echinodermata_Ophiuroidea,kingdom,phylum,class,order,family,genus,species,species_and_author,common_name,native_status,synonym,reference,reference,captured_by,web_reference,distribution__n0_,distribution__south_africa_,notes,edited,date
Echiurida_sepk_SI,phylum,classes,genre,familles,en_ma,en_ma
Ecoli_metadata,sample,generation,clade,strain,cit,run,genomesize
Ecuador,country,sample_site_id,latitude,longitude,species_sampled,species_code,months_of_year_sampled,soil,stem,leaf,atm_wv,site_description
EDAM_bioimaging,classid,preferredlabel,synonyms,definitions,obsolete,cui,semantictypes,parents,citation,createdin,documentation,example,fileextension,hasformat,hasfunction,hasidentifier,hasinput,hasoutput,hastopic,httpdatabioontologyorgmetadataprefixiri,httpedamontologyorgnextid,httpedamontologyorgnoclue,httppurlobolibraryorgobodate,httppurlobolibraryorgobodefaultrelationshipidprefix,httppurlobolibraryorgoboedamdata,httppurlobolibraryorgoboedamedam,httppurlobolibraryorgoboedamevents,httppurlobolibraryorgoboedamformats,httppurlobolibraryorgoboedamidentifiers,httppurlobolibraryorgoboedamobsolete,httppurlobolibraryorgoboedamoperations,httppurlobolibraryorgoboedamtopics,httppurlobolibraryorgoboidspace,httppurlobolibraryorgoboisantisymmetric,httppurlobolibraryorgoboismetadatatag,httppurlobolibraryorgoboisreflexive,httppurlobolibraryorgoboissymmetric,httppurlobolibraryorgobonamespace,httppurlobolibraryorgoboremark,httppurlobolibraryorgobotransitiveover,httppurlorgdcelementscontributor,httppurlorgdcelementscreator,httppurlorgdcelementsformat,httppurlorgdcelementstitle,httpusefulinccomnsdoapversion,httpwwwgeneontologyorgformatsoboinowlconsider,httpwwwgeneontologyorgformatsoboinowlhasalternativeid,httpwwwgeneontologyorgformatsoboinowlhasbroadsynonym,httpwwwgeneontologyorgformatsoboinowlhasdbxref,httpwwwgeneontologyorgformatsoboinowlhasdefinition,httpwwwgeneontologyorgformatsoboinowlhasexactsynonym,httpwwwgeneontologyorgformatsoboinowlhasnarrowsynonym,httpwwwgeneontologyorgformatsoboinowlhasrelatedsynonym,httpwwwgeneontologyorgformatsoboinowlhassubset,httpwwwgeneontologyorgformatsoboinowlinsubset,httpwwwgeneontologyorgformatsoboinowliscyclic,httpwwwgeneontologyorgformatsoboinowlreplacedby,httpwwwgeneontologyorgformatsoboinowlsavedby,httpwwwgeneontologyorgformatsoboinowlsubsetproperty,httpxmlnscomfoafpage,isformatof,isfunctionof,isidentifierof,isinputof,isoutputof,istopicof,isdebtag,mediatype,obsoletesince,regularexpression
EDAM,classid,preferredlabel,synonyms,definitions,obsolete,cui,semantictypes,parents,citation,createdin,deprecationcandidate,deprecationcomment,documentation,example,fileextension,hasformat,hasfunction,hasidentifier,hasinput,hasoutput,hastopic,httpdatabioontologyorgmetadataprefixiri,httpedamontologyorgcommenthandle,httpedamontologyorgnextid,httpedamontologyorgontologyused,httppurlobolibraryorgobodate,httppurlobolibraryorgobodefaultrelationshipidprefix,httppurlobolibraryorgoboedamdata,httppurlobolibraryorgoboedamedam,httppurlobolibraryorgoboedamevents,httppurlobolibraryorgoboedamformats,httppurlobolibraryorgoboedamidentifiers,httppurlobolibraryorgoboedamobsolete,httppurlobolibraryorgoboedamoperations,httppurlobolibraryorgoboedamtopics,httppurlobolibraryorgoboidspace,httppurlobolibraryorgoboisantisymmetric,httppurlobolibraryorgoboismetadatatag,httppurlobolibraryorgoboisreflexive,httppurlobolibraryorgoboissymmetric,httppurlobolibraryorgobonamespace,httppurlobolibraryorgoboremark,httppurlobolibraryorgobotransitiveover,httppurlorgdcelementscreator,httppurlorgdcelementsformat,httppurlorgdcelementstitle,httpusefulinccomnsdoapversion,httpwwwgeneontologyorgformatsoboinowlcomment,httpwwwgeneontologyorgformatsoboinowlconsider,httpwwwgeneontologyorgformatsoboinowlhasalternativeid,httpwwwgeneontologyorgformatsoboinowlhasbroadsynonym,httpwwwgeneontologyorgformatsoboinowlhasdbxref,httpwwwgeneontologyorgformatsoboinowlhasdbxref,httpwwwgeneontologyorgformatsoboinowlhasdefinition,httpwwwgeneontologyorgformatsoboinowlhasexactsynonym,httpwwwgeneontologyorgformatsoboinowlhasnarrowsynonym,httpwwwgeneontologyorgformatsoboinowlhasrelatedsynonym,httpwwwgeneontologyorgformatsoboinowlhassubset,httpwwwgeneontologyorgformatsoboinowlinsubset,httpwwwgeneontologyorgformatsoboinowliscyclic,httpwwwgeneontologyorgformatsoboinowlreplacedby,httpwwwgeneontologyorgformatsoboinowlsavedby,httpwwwgeneontologyorgformatsoboinowlsubsetproperty,httpxmlnscomfoafpage,informationstandard,isformatof,isfunctionof,isidentifierof,isinputof,isoutputof,istopicof,isdebtag,mediatype,obsoletesince,oldparent,organisation,refactorcandidate,refactorcomment,regularexpression,thematiceditor,uitip
EDGE_20Corals_20with_20regions_2011,rank,order,family,scientific_name,common_name,ge_score,conservation_attention,region
Effet_of_8_OHDPAT_on_OLFP,mouse10,0_195827,0_167142,0_00275,0_00315
EFI_spreadsheet,site_code,longitude,latitude,day,month,year,country,river_name,site_name,altitude,ecoregion,mediterranean_type,river_region,method,fished_area,wetted_width,flow_regime,natural_lake_upstream,geomorphology,former_flood_plain,water_source,upstream_drainage_area,distance_from_source,river_slope,air_tempreture_mean_annual,air_temperature_january,air_temperature_july,former_sediment_size,sampling_location,species_name,total_number_run1,number_length_below_150,number_length_over_150
egg_loads,species,site,tree,fruit,immature,mature
ELE534,species_no_,family,plant_species,common_name,life_form,origin
Eleusine_tristachya,longitude,latitude,nom_silvestre,datelastmodified,institutioncode,collectioncode,catalognumber,scientificname,basisofrecord,kingdom,phylum,class,order,family,genus,species,subspecies,scientificnameauthor,identifiedby,yearidentified,monthidentified,dayidentified,typestatus,collectornumber,fieldnumber,collector,yearcollected,monthcollected,daycollected,julianday,timeofday,continentocean,country,stateprovince,county,locality,longitude,latitude,coordinateprecision,minimumelevation,maximumelevation,minimumdepth,maximumdepth,sex,preparationtype,individualcount,previouscatalognumber,relationshiptype,relatedcatalogitem,notes
empire2_cwgc,no_,full_name,rank,vessel,service,nationality,date_of_death,age,grave_reference,cemetary,country,additional_information
encrowprosecutions_tcm6_5745,site_name,county,habitat,offence,defendant,nature_of_operations,damage_to_sssi,court,outcome,restoration_order,date,notes,press_release
Entomology_2010_Label_Datasheet,order,family,genus,sp__epithet,number,collection_date,state,co,city,collection_site,lat,lon,collector,identifier,id_date,notes
entomology_4901,associated_plant,plant_common_name,arthropod_genus_and_species,arthropod_common_name,collection_date,location_type,city__state__country_if_foreign_,county,collector,collector_institutiion,plants_involved,plants_affected,acres_involved,acres_affected,severity_,sample_no_,record,collection_method,via_state_country,notes
environmental_range_raw_data,type,cross__number,strain,parent_1,parent_2,environment,replicate,range
Environmental_variables,site,year,width,elevation
EnvironmentalVariables_phase3,latitude,longitude,photoperiod,mean_annual_temperature,mean_relative_humidity,mean_precipitatian_rate,long_short_waves_ratio
EPR_9N_biologysamples,entry,dive,station,sample_id_,data_type_s_,location,sampling_technique,investigator,repository,date_time,longitude,latitude,depth_m,species_class,temperature,salinity,details
Especies_Invasoras,nombre_cient_fico,nombres_comunes,reino,phylum,clase,familia
Esso_20Commercial_20Fuel_20card_20Site_20list,doris,pbl,site_name,site_open,category,road,district,town,county,postcode,country,countryid,telephone,fax
ethnoclimate,author,year,role,unique,title,periodical,volume,issue,month,pages,doi,monograph,editor,series,class_no,auspices,publisher,place_pub,language,type,content,keywords,geokey,url,citations,search,abstract,isbn,code_1,original_date,issn,conference,contributor,contrib_role
Eubacteria_20Phylum_20Chart,phylum_name,__species,energy_use,examples,cell_structure,habitat,o2,other
Eumetazoa,subregnum,divisio,subdivisio,superphylum,phylum,subphylum,classis,subclassis,ordo
Europe_titanosaurs,taxon,province,formation,locality,repository,references,status,number
EWT_species_recording_form,species_name,site,os_grid_reference__if_known_,recorder_name,date,number_seen,recording_method,comment__for_example_gender__behaviour__site_details_
EWT_20species_20recording_20form,species_name,site,os_grid_reference__if_known_,recorder_name,date,number_seen,recording_method,comment__for_example_gender__behaviour__site_details_
example_20records_20template,species_group,species,date_seen,location,location_details,grid_reference,abundance,record_type,comments,recorder_name,recorder_contact_details
EXAMPLE,name,preferred_name,tradenames,synoniems___tradenames,cv_group_a_o_,illegal,seedorigin,protection,main_group,rank,name_for_sequencing
Example1,identifier,other_identifiers,cat__no_s__,cat__no__type_s_,order,genus_species_subspecies,author,common_name,form,sex,country__prov_state__region__place_name,locality_details,habitat,elev___m_,dec__lat_,dec__long_,date_s_collected,collector,method,life_stage,preparation_type,deposited,location_of_material__not_uasm_,determined_by,date_determined,verified_by,other_determiner_s_,other_dets_sci__name_s_,other_dets__date_s_,additional_notes,host_type,host_info,entered_by
example2,id,dam,lake,stream,capacity,elevation,riverbasin,county,hydrologicarea,nearbycity,latitude,longitude,operator
excelform,scientific_name,common_name,location,grid_reference,date,number,method,notes,recorder,determiner
Excel_busquedas_2,reino,nombres_comunes_reino,phylum,nombres_comunes_phylum,clase,nombres_comunes_clase,orden,nombres_comunes_orden,familia,nombres_comunes_familia,especie,nombres_comunes_especie,ap_ndice,enlace_aat,enlace_tesauro,enlace_cat_logo
exchange_and_donation_program,botanist,family,taxa_plant_group,australian_state_or_territory,continent_country_region,notes
Exotic_Coleoptera_Blanchard_Albro_Collection,slot,box__,order,family,genus,genera___species
Expedition_Birding_probable_new_species,nr_for_taxonomic_order,type_of_bird,genus,year_of_first_record,area_of_occurance,reference,web_resources,notes
Expedition_20Birding_20probable_20new_20species,nr_for_taxonomic_order,type_of_bird,genus,year_of_first_record,area_of_occurance,reference,web_resources,notes
Expedition_20Birding_Rediscovered_20species,name,scientfic_name,points_worth_in_2004,points_worth_in_2005,year_official_rediscovery_was_published_or_widely_known,year_of_description,years_not_observed_after_re_discovery,years_observed_after_re_discovery,additional_sight_records,year_of_first_rediscovery,area_of_occurance,reference,web_resources,notes
Export,addiction,addictions,adhd,adjustmentdisorder,adult,adultery,adults,advice,affair,analysis,analytic,anger,angerresolution,anorexia,anxiety,anxietypsychotherapist,attachment,attentiondeficit,behavior,careerdecision,careerproblems,chicagopsychoanalyst,chicagopsychologist,chicagotherapist,client,clinicalpsychologist,clinicians,collaborativeskills,commitment,communicationskills,compulsions,conflict,conflictresolution,cooperative,counseling,counselling,counselor,counselors,countertransference,coupletherapy,couples,couplescoaching,couplescounseling,couplescounselor,couplesproblems,couplestherapy,defenses,depression,depressionsymptoms,development,discount,divorce,divorces,eatingdisorder,eatingdisorders,effectivecommunication,emotionalhelp,extramarital,extramarital,extramaritalaffair,family,familycounseling,familyproblems,familytherapy,feeling,feelings,findingapsychologist,group,grouppsychotherapy,grouptherapy,hipaa,husband,illinoispsychologist,infidelity,infidelitysupport,insight,interpersonal,interpersonalcommunication,interpersonalcommunicationprogram,interpersonalinteraction,interpersonalskills,intimacy,jealousy,jobstress,learningdisability,licensedclinicalpsychologist,lifechange,lifestrategies,listeningskills,love,loveaffairs,lowenergy,manicdepression,marital,maritaladvice,maritalcounseling,maritalhelp,maritallove,maritalproblems,maritalpsychotherapy,maritalseparation,marriage,marriageandfamilycounseling,marriageandfamilytherapy,marriagecounseling,marriagecounselling,marriageencounter,marriageenrichment,marriageguidance,marriagehelp,marriagepreparation,marriageskills,marriagetherapy,marriedlife,medicalbilling,medicalclaims,medications,mental,mentalhealth,mentalhealthprofessionals,mentalillness,midlifecrisis,neurosis,objectrelations,obsession,obsessions,obsessivecompulsive,onlinecounseling,onlinetherapists,onlinetherapy,panic,panicattack,panicdisorders,paranoia,performance,personalcommunication,personaldevelopment,personalgrowth,personality,phobia,posttraumaticstress,premarrital,privatepractice,professional,professionals,psychiatricpsychiatry,psychiatrist,psychiatrist,psychiatrists,psychoanalytic,psychodynamic,psychological,psychologicalevaluation,psychologicalresistance,psychologist,psychologist,psychologists,psychologists,psychology,psychology,psychotherapeutic,psychotherapist,psychotherapists,psychotherapists,psychotherapyl,reelationshipskills,rehabilitation,relating,relationship,relationshipadvice,relationshipcounseling,relationshipproblems,relationshiptherapy,relationships,remarriage,romantic,romanticlove,sadness,sessions,sexlife,sexual,sexualproblems,smartmarriage,spouse,spouseproblems,stepfamilies,stress,substanceabuse,superego,supportgroup,talktherapy,therapist,therapists,therapists,therapy,therapygroup,therapysession,therapytherapist,transference,trauma,treatment,trust,unconscious,unfaithfull,unfaithfullness,weddingpreparation,wife,workproblems
exportlatlon,accessioncategory,accession,status,lycopersicon,solanum,collectionnumber,date_dd_mm_yyyy,collectionsite,sitedetails,provinceordepartment,country,populationsize,samplesize,habitat,associatedbiota,vegetationtype,collectionnotes,latitudedecimal,longitudedecimal,latlonsource,elevation,elevsource
expt1a,,ac,condcong,condresult,condsameagent,dvwrong,dvaccu,mem,motivation,knowfoot,sex,age,edu,employ,jobtype,feedback
expt5,,ac,condorder,conddistr,dvaccupred,dvconfpred,mem,mem,mem,mem,mem,memtotal,numesubjtotal,motivation,knowstock,knowtech,sex,age,edu,employ,jobtype,feedback
ExternalFellowships_AGRO,uc_berkeley__u_s__community_forestry_research_fellowship__cfrf__program,http___www_cnr_berkeley_edu_community_forestry_,social_sciences__economics__environmental_science__forestry__agriculture__natural_resource_management__environmental_policy,agronomy___horticulture,the_purpose_is_to_promote_mutual_learning_among_graduate_students_and_forest_communities_about_the_conditions_and_practices_that_promote_the_sustainable_management_of_forests_,m_a__and_ph_d__level_students_at_any_institution_of_higher_learning_to_support_their_field_work_in_communities_in_the_us,awards_up_to__15_000_for_dissertation_fellows__up_to__7_000_for_masters_fellows__and__2_000_for_predissertation_fellows,late_january_early_february
F2000data,division,family,family_common_name,genus,species,authority_1,var_ssp,variety_name,authority2,common_name,scientific_name_as_in_moore,introduced_species,primary_habitat,abundance_in_primary_hab,second_habitat,abund_in_second_hab,taxonomic_notes,taxonomic_notes_in_brackets,code_for_change_to_moore_s,added_to_moore_s_flora,habitat_notes,location_notes,life_history_code,state_listed_rare_1996
FaEu_Animalia,kingdom,phylum,subphylum,infraphylum,class,subclass,infraclass,superorder,order,suborder,infraorder,superfamily,family,synonym1,synonym2
FAMIZ_Arashkevich_Pasternak3__1_,year,lat,long,station,total_depth,date,day,month,year,local_time,mindepth,maxdepth,kingdom,phyllum,class,order,family,genus,species,specimen_name,lifestage,abundance,biomass,research_vessel,mesh
FAUNA_20SUAMOX,phylum,sub_phylum,clase,sub_clase,orden,sub_orden,familia,especie,nombre
FAUNASUAMOX,phylum,subphylum,clase,subclase,orden,suborden,familia,especie,nombre
fauna_ameacada,grupo_tem_tico,filo,classe,ordem,fam_lia,esp_cie,autor,nome_vulgar,cat__amea_a,iucn_2004,ibama_2003
feb12,name,timeline,infogam,infogpm,cpam,cppm,prisourcesam,prisourcespm,comments,b,date,time
feeding1213,box,age,year,reldate,pair,treatment,year,hba,catpeak,hatch,hpeak,hd,match,odurh,ontotlarv,olarva,olarvsd,olarvse,olarvci,onlarva,olarvchickhour,ontotfly,oflying,oflyysd,oflyyse,oflyyci,onflying,oflyychickhour,ontotspid,ospider,ospidsd,ospidse,ospidci,onspider,ospidchickhour,ontotbeetl,obeetle,obeetlsd,obeetlse,obeetlci,onbeetle,obeetlchickhour,ototchickhour
Fellnagle_BMIData_pdf,order,family,genus__species,habit,tv,ffg,total,b_i_
female_stickleback_habitat_preference,date,species,female_source,substrate,substr_pref,spawn,female_sl_mm,male_sl_mm,notes
Ferreira_etal_Supplemental_Table_S1,sp,site,latitude,longitude,altitude,code,sex,svl,weight,date_t,tp9,tp10,tp11,tp12,tp13,tp14,tp15,tp16,tp17,tp18,date_h,w7,w8,w9,w10,w11,w12,w13,w14,w15,w16,w17,w18,w19
FHG_BASE_YSemino_description,population,latitude,longitude,lp_1_,n
fi3Alertas_20enero_202012,date,reference,product_type,notification_type,notification_basis,notified_by,origin,subject,distribution,action_taken,distribution_status
FICHA_TECNICA_SILVICULTURA,codigo,tipo_especie,tipo_especie_desc,nombre_cientifico,clase,orden,familia,genero,especie,subespecie,descripcion,tipo_flora,tipo_arbol
Field_data_Gryseels_et_al,id_prefix,id,project,date,locality,locality_alternativename,town,genus,speciesname,lat,lon
field_datasheet_weeds,record_number,species,date,source_of_data,purpose_of_visit,location,pid__lpi__title_ref,gps_unit,easting__6_digits___at_center_of_site_,northing__7_digits___at_center_of_site_,data_precision,infestation_size__area,cover__density,number_of_plants,treatment_applied,life_stage,substrate,land_use,notes
filmy,movietitle,titleyear,budget,gross,genres,language,country,moviefacebooklikes,imdbscore,numvotedusers,numcriticforreviews,numuserforreviews,directorname,directorfacebooklikes,actorname,actorfacebooklikes,actorname,actorfacebooklikes,actorname,actorfacebooklikes,casttotalfacebooklikes,color,duration,plotkeywords,contentrating,aspectratio,facenumberinposter,movieimdblink
Final_20list_20of_20participants_2nd_20ELN_FAB_20seminar,wyss,eric,research_institute_of_organic_agriculture__fibl_,switzerland,eric_wyss_fibl_org
Final_Chinook_totals_mormon_slough,number,date,species,location,lat_long,life_stage,fl__mm_,alive_dead,ad_clip
final_elsalvador_factsheets_plants1,reino,phylum,clase,orden
finneganSD1,sample,bed_type,lithology,taxon,psephosphenaspis,uromystrum,kanoshia,pseudoolenoides,madaraspis,goniotelina,pseudomera,ectenonotus,punka,carolinites,trilobita__indet_,paralenorthis,orthidiella,orthambonites,anomalorthis,idiostrophia,orthida__indet_,gastropod__indet_,clisospira_,bellerophontid_gen__a,high_spired_gen__a,orthocone_nautiloid,calcarea__indet_,leperditiid_gen__a,total
Fisheries_20Metadata,coral_inhabiting_barnacles__cirripedia__pyrgomatidae__from_albion__west_coast_of_republic_of_mauritius,abstract__the_present_paper_reports_seventeen_newly_recorded_coral_inhabiting_barnacles_of_the_family_pyrgomatidae_from_the_inshore_waters_of_albion__west_coast_of_mauritius__they_are__nobia_conjugatum__n__grandis__pyrgoma_cancellatum__savignium_crenatum__s__elongatum__s__milleporum__galkinia_decima__g__indica__trevathana_dentata__cantellius_arcuatus__c__gregarius__c__iwayama__c__pallidus__c__secundus__c__septimus__c__brevitergum__and_c__cf__sumbawae__diagnosis__figures__distribution_and_the_host_coral_species__including_first_record_of_these_barnacles__are_given_,southwest_indian_ocean,oceans____marine_biology____marine_invertebrates,albion_fisheries_research_centre,k__ogawa__r__moothien_pillay__h__kawasaki
fishery_xsd_schema,fields_of_the_inventory,fishery_reference,fishery_title,perspective,fishery_area,characteristics_of_the_fishing_ground,species,descriptors_of_the_fishing_activity,fishery_indicators,post_harvest_use,management,trend_of_the_fishery,references,ownership,brief_description_of_the_fishery,notes
Fish_Stocking_1972___2014,year_stocked,waterbody,location,species,strain__stock_,age_class,number_stocked,avg_fish_length__in_
ForestryAgroforestryTrees2,ziziphus_mauritiana,ai_lok,desert_apple,widara__dara__bidara,kapulai,rhamnaceae,food,native,leaf__flower,fruit
forest_trees_bfec,abbrev,common_name,genus,species,family
formular,id,rsv_,genus,taxon,author,locality,date,mm,q,price
fossil_shark_bony_fishs_teeth_en__1_,specimen_nmnhs_f_,old__,locality,formation,horizon__age_,collected_by__date,name,determined_by,notes,illustrated_in_
fossilcat,specimen___lot_number,phylum,class,order,family,genus,species,authority___date,common_name,geology,formation,location,collector___date,number_of_specimens,description,donation___purchase,collection___location_note,id___miscellaneous_note
frp_data_submission_form52_marine,date,location,lattitude,longitude,collection_method,species,life_stage,size,number,disposition,comments
fullhierarchy__1_,taxon,taxon,taxon,taxon,taxon_author,rank_name,usage,unacceptability_reason,accepted_name,page_number
fullhierarchy_alt,identifier,taxon1,taxon2,taxon3,taxon4,taxon5,taxon6,taxon7,rank,synonyms,vernaculars,vernacularslanguage
